{"@Realty": 612000.0, "ASL": 1221375.0, "Abercromby's": 2082857.142857143, "Ace": 720000.0, "Alexkarbon": 866389.75, "Allens": 1106700.0, "Anderson": 482100.0, "Appleby": 796000.0, "Aquire": 506000.0, "Area": 770000.0, "Ascend": 1690050.0, "Ash": 810000.0, "Asset": 782500.0, "Assisi": 2093000.0, "Australian": 798500.0, "Barlow": 887482.7586206896, "Barry": 876303.1414441147, "Bayside": 910000.0, "Bekdon": 1078785.7142857143, "Beller": 804342.1052631579, "Bells": 690556.8181818182, "Besser": 612500.0, "Better": 480000.0, "Biggin": 1018521.6284987277, "Blue": 2180000.0, "Boutique": 750000.0, "Bowman": 945000.0, "Brace": 780750.0, "Brad": 835778.3625730994, "Buckingham": 843730.4347826086, "Bullen": 1347000.0, "Burnham": 670423.0769230769, "Buxton": 1232420.7231012657, "Buxton/Advantage": 550000.0, "Buxton/Find": 639000.0, "C21": 938736.8421052631, "CASTRAN": 520000.0, "Caine": 1643368.4210526317, "Calder": 650000.0, "Carter": 876562.375, "Castran": 1780052.6315789474, "Cayzer": 1320576.923076923, "Century": 775000.0, "Chambers": 1063115.3846153845, "Changing": 1005000.0, "Charlton": 1441000.0, "Chisholm": 1017457.7792207792, "Christopher": 1033142.8571428572, "Clairmont": 865000.0, "Collins": 1370401.7857142857, "Community": 491000.0, "Compton": 613866.6666666666, "Conquest": 1700000.0, "Considine": 979285.7142857143, "Coventry": 662500.0, "Craig": 1300000.0, "Crane": 540000.0, "D'Aprano": 626166.6666666666, "Daniel": 829375.0, "Darras": 2950000.0, "Darren": 744177.4193548387, "David": 1200000.0, "Del": 653400.0, "Dingle": 520326.92307692306, "Direct": 700000.0, "Dixon": 744000.0, "Domain": 747928.5714285715, "Douglas": 662784.5360824743, "Edward": 736851.8518518518, "Elite": 1346000.0, "Eview": 797083.1764705882, "FN": 666447.3684210526, "First": 809000.0, "Fletchers": 1312690.0332225913, "Fletchers/One": 1800000.0, "Follett": 1820000.0, "Frank": 1107159.375, "Free": 930000.0, "GL": 712684.2105263158, "Galldon": 583500.0, "Gardiner": 864000.0, "Garvey": 1440000.0, "Gary": 983343.5294117647, "Geoff": 681000.0, "Grantham": 645000.0, "Greg": 1230138.0753138075, "Gunn&Co": 926446.4285714285, "HAR": 777145.1612903225, "Hall": 2339800.0, "Ham": 984833.3333333334, "Harcourts": 790687.5, "Harrington": 919090.9090909091, "Haughton": 740310.3448275862, "Hayeswinckle": 390000.0, "Hodges": 1313986.5477707007, "Holland": 947700.0, "Homes": 470000.0, "Hooper": 1870500.0, "Hoskins": 985426.0, "Hunter": 814500.0, "Iconek": 695083.3333333334, "J": 1466500.0, "JMRE": 889250.0, "JRW": 1460500.0, "Jas": 882018.9300411523, "Jason": 630125.0, "Jellis": 1368163.4483282676, "Jim": 680000.0, "Joe": 1800000.0, "Johnston": 960000.0, "Joseph": 1500000.0, "Kay": 1946225.2100840337, "Kaye": 655000.0, "Keatings": 535000.0, "Kelly": 1796666.6666666667, "Ken": 621000.0, "L": 409625.0, "LITTLE": 628371.4285714285, "LJ": 704050.0, "LLC": 2220000.0, "Langwell": 781333.3333333334, "Le": 770000.0, "Leading": 606000.0, "Leased": 1143333.3333333333, "Leeburn": 469500.0, "Leyton": 668000.0, "Lindellas": 1644552.6315789474, "Love": 724269.7247706422, "Lucas": 2450000.0, "Luxe": 575000.0, "Luxton": 919000.0, "M.J": 1204000.0, "MICM": 648850.0, "Maddison": 843333.3333333334, "Mandy": 1411750.0, "Marshall": 1888843.9119878605, "Mason": 687222.2222222222, "Matthew": 1190000.0, "Max": 890666.6666666666, "McDonald": 1078294.8717948718, "McGrath": 1073789.4144144144, "McLennan": 637375.0, "McNaughton": 510000.0, "Meadows": 1770000.0, "Melbourne": 1123888.888888889, "Metro": 545000.0, "Miles": 1087157.5918367347, "Millership": 563800.0, "Mindacom": 400000.0, "Mitchell": 590000.0, "Moonee": 799458.3333333334, "Morleys": 509800.0, "Morrison": 925088.7352941176, "Naison": 1003000.0, "Nardella": 778500.0, "Nelson": 1014976.4536741214, "New": 831666.6666666666, "Nguyen": 657000.0, "Nicholls": 580000.0, "Nicholson": 870750.0, "Nick": 1882975.0, "Noel": 1198408.2926829269, "North": 2200000.0, "O'Brien": 819598.4918032787, "O'Donoghues": 1180000.0, "Oak": 380000.0, "Obrien": 1203714.2857142857, "One": 833409.0909090909, "Only": 630000.0, "Oriental": 813000.0, "Owen": 627500.0, "PRD": 920000.0, "PRDNationwide": 368333.3333333333, "Pagan": 511192.3076923077, "Parkes": 1083285.7142857143, "Parkinson": 1185000.0, "Paul": 1292000.0, "Peake": 728500.0, "Peter": 890900.0, "Philip": 979912.5, "Point": 527000.0, "Pride": 1113550.0, "Prime": 650000.0, "Private/Tiernan's": 1880000.0, "Prof.": 836318.1818181818, "Property": 656000.0, "Propertyau": 755000.0, "Prowse": 690000.0, "Purplebricks": 855078.4509803922, "R&H": 920000.0, "RE": 754600.0, "REMAX": 610750.0, "RT": 1504065.2173913044, "RW": 1001871.4285714285, "Raine": 771208.6206896552, "Raine&Horne": 823000.0, "Ray": 876987.997146933, "Re": 849000.0, "Reach": 562500.0, "Real": 1812500.0, "Red": 1214250.0, "Redina": 475000.0, "Reed": 975000.0, "Reliance": 475266.6666666667, "Rendina": 1000095.0909090909, "Rexhepi": 625000.0, "Ristic": 490000.0, "Rodney": 1154350.0, "Roger": 1750000.0, "Rosin": 330000.0, "Ross": 1043333.3333333334, "Rounds": 935000.0, "Ryder": 485000.0, "S&L": 679909.0909090909, "SN": 880000.0, "Schroeder": 758500.0, "Scott": 1263333.3333333333, "Sell": 865000.0, "Smart": 548000.0, "Sotheby's": 2453750.0, "Steveway": 1285000.0, "Stockdale": 709738.3333333334, "Sweeney": 835755.9861111111, "Sweeney/Advantage": 1005500.0, "TRUE": 543000.0, "The": 452750.0, "Thomas": 976666.6666666666, "Thomson": 709904.7619047619, "Tiernan's": 1390000.0, "Tim": 1286000.0, "Trimson": 597541.6666666666, "Triwest": 511850.0, "U": 945750.0, "Upper": 2100000.0, "VICPROP": 720000.0, "VICProp": 2797666.6666666665, "Veitch": 795000.0, "Vic": 1100000.0, "Victory": 590000.0, "Village": 988164.0, "W.B.": 702500.0, "WHITEFOX": 1820000.0, "Walsh": 1583500.0, "Walshe": 667717.3913043478, "Weast": 3320000.0, "Weda": 990000.0, "Weston": 1194000.0, "Westside": 640000.0, "White": 2035000.0, "Whiting": 825333.3333333334, "William": 767050.0, "Williams": 1042164.8648648649, "Wilson": 1068833.3333333333, "Win": 839000.0, "Wood": 370000.0, "Woodards": 1042716.5182724253, "Xynergy": 1205000.0, "YPA": 602145.1298701299, "Zahn": 1201000.0, "buyMyplace": 956666.6666666666, "hockingstuart": 954727.2485004284, "hockingstuart/Advantage": 330000.0, "hockingstuart/Barry": 1265000.0, "hockingstuart/Village": 345000.0, "iOne": 620000.0, "iProperty": 820000.0, "iSell": 740090.9090909091, "iTRAK": 710823.0769230769}