{"Abbotsford": 1060366.0714285714, "Aberfeldie": 1277454.5454545454, "Airport West": 756656.7313432836, "Albanvale": 537083.3333333334, "Albert Park": 1941355.072463768, "Albion": 593146.3414634146, "Alphington": 1400823.5294117648, "Altona": 834830.4054054054, "Altona Meadows": 671750.0, "Altona North": 800830.3571428572, "Ardeer": 667333.3333333334, "Armadale": 1496715.7894736843, "Ascot Vale": 1053226.923076923, "Ashburton": 1728725.0, "Ashwood": 1154673.9130434783, "Aspendale": 1125285.7142857143, "Aspendale Gardens": 885250.0, "Attwood": 640000.0, "Avondale Heights": 805993.2432432432, "Bacchus Marsh": 285000.0, "Balaclava": 748833.3333333334, "Balwyn": 1869878.5046728973, "Balwyn North": 1793405.2631578948, "Bayswater": 759642.8571428572, "Bayswater North": 706500.0, "Beaconsfield": 603500.0, "Beaconsfield Upper": 675000.0, "Beaumaris": 1725055.5555555555, "Bellfield": 822531.25, "Bentleigh": 1279500.0, "Bentleigh East": 1085591.9196787148, "Berwick": 757384.6153846154, "Black Rock": 1335791.6666666667, "Blackburn": 1275523.8095238095, "Blackburn North": 1204500.0, "Blackburn South": 1079916.6666666667, "Bonbeach": 1137750.0, "Boronia": 856392.8571428572, "Box Hill": 1288371.186440678, "Braybrook": 684102.1739130435, "Briar Hill": 734062.5, "Brighton": 1930158.0, "Brighton East": 1567730.4347826086, "Broadmeadows": 610543.4782608695, "Brookfield": 456000.0, "Brooklyn": 648900.0, "Brunswick": 1013171.1711711711, "Brunswick East": 929079.5454545454, "Brunswick West": 843000.9090909091, "Bulleen": 1155343.661971831, "Bullengarook": 535000.0, "Bundoora": 835027.7777777778, "Burnley": 1241715.7142857143, "Burnside": 618750.0, "Burnside Heights": 594333.3333333334, "Burwood": 1249842.857142857, "Burwood East": 1087031.25, "Cairnlea": 679571.4285714285, "Camberwell": 1739350.0, "Campbellfield": 479500.0, "Canterbury": 2180240.7407407407, "Carlton": 1066948.0392156863, "Carlton North": 1512062.5, "Carnegie": 946016.1643835617, "Caroline Springs": 644000.0, "Carrum": 715833.3333333334, "Carrum Downs": 545750.0, "Caulfield": 795375.0, "Caulfield East": 1088222.2222222222, "Caulfield North": 1018642.8571428572, "Caulfield South": 1143446.8085106383, "Chadstone": 965242.8571428572, "Chelsea": 725800.0, "Chelsea Heights": 750625.0, "Cheltenham": 1030065.2173913043, "Chirnside Park": 775991.0, "Clarinda": 972575.0, "Clayton": 1266269.2307692308, "Clayton South": 861136.3636363636, "Clifton Hill": 1149500.0, "Coburg": 922493.5578947369, "Coburg North": 804401.7857142857, "Collingwood": 924192.3076923077, "Coolaroo": 471750.0, "Craigieburn": 557340.4255319149, "Cranbourne": 615669.3333333334, "Cranbourne North": 585000.0, "Cremorne": 960700.0, "Croydon": 849772.7272727273, "Croydon Hills": 911500.0, "Croydon North": 856000.0, "Croydon South": 800000.0, "Dallas": 425000.0, "Dandenong": 610961.5384615385, "Dandenong North": 648593.75, "Deepdene": 1195000.0, "Deer Park": 606607.1428571428, "Delahey": 543416.6666666666, "Derrimut": 709000.0, "Diamond Creek": 836500.0, "Diggers Rest": 525000.0, "Dingley Village": 894666.6666666666, "Docklands": 843333.3333333334, "Doncaster": 1260880.1724137932, "Doncaster East": 1384463.4146341463, "Donvale": 1212423.076923077, "Doreen": 493833.3333333333, "Doveton": 496500.0, "Eaglemont": 1831695.652173913, "East Melbourne": 1440227.2727272727, "Edithvale": 989833.3333333334, "Elsternwick": 1275377.049180328, "Eltham": 858340.0, "Eltham North": 910809.0, "Elwood": 928509.534351145, "Emerald": 655000.0, "Endeavour Hills": 705200.0, "Epping": 568889.4230769231, "Essendon": 1065531.8181818181, "Essendon North": 879250.0, "Essendon West": 1088000.0, "Fairfield": 1077046.511627907, "Fawkner": 649514.7058823529, "Ferntree Gully": 834340.3636363636, "Fitzroy": 1263186.440677966, "Fitzroy North": 1275723.1182795698, "Flemington": 874000.0, "Footscray": 703121.2121212122, "Forest Hill": 982340.9090909091, "Frankston": 636937.5, "Frankston North": 531500.0, "Frankston South": 1005000.0, "Gardenvale": 1126333.3333333333, "Gisborne": 648625.0, "Gladstone Park": 653975.0, "Glen Huntly": 776382.3529411765, "Glen Iris": 1624843.5897435897, "Glen Waverley": 1393630.8444444444, "Glenroy": 673993.9308176101, "Gowanbrae": 691395.8333333334, "Greensborough": 827180.5555555555, "Greenvale": 751000.0, "Hadfield": 684684.8709677419, "Hallam": 780900.0, "Hampton": 1662523.076923077, "Hampton East": 1048440.0, "Hampton Park": 552000.0, "Hawthorn": 1276790.5759162304, "Hawthorn East": 1520517.9663865545, "Healesville": 650000.0, "Heathmont": 946781.25, "Heidelberg": 928833.3333333334, "Heidelberg Heights": 753991.6666666666, "Heidelberg West": 644542.7631578947, "Highett": 1267148.148148148, "Hillside": 663102.7777777778, "Hoppers Crossing": 563857.8947368421, "Hughesdale": 1093457.142857143, "Huntingdale": 1064828.5714285714, "Hurstbridge": 695000.0, "Ivanhoe": 1204260.2040816327, "Ivanhoe East": 1699680.0, "Jacana": 528240.0, "Kealba": 583263.1578947369, "Keilor": 832500.0, "Keilor Downs": 672200.0, "Keilor East": 811580.9917355372, "Keilor Lodge": 660000.0, "Keilor Park": 672090.9090909091, "Kensington": 831667.4358974359, "Kew": 1758435.0282485876, "Kew East": 1694163.2653061224, "Keysborough": 809636.3636363636, "Kilsyth": 776000.0, "Kings Park": 539000.0, "Kingsbury": 727846.2307692308, "Kingsville": 824888.2352941176, "Knoxfield": 1084500.0, "Kooyong": 2185000.0, "Kurunjang": 353000.0, "Lalor": 638750.0, "Langwarrin": 654583.3333333334, "Lower Plenty": 775800.0, "Maidstone": 714936.1702127659, "Malvern": 1764992.537313433, "Malvern East": 1566121.0, "Maribyrnong": 827377.0833333334, "McKinnon": 1500000.0, "Meadow Heights": 491941.17647058825, "Melbourne": 616945.6521739131, "Melton": 427208.3333333333, "Melton South": 380736.1111111111, "Melton West": 433875.0, "Mentone": 956346.1538461539, "Mernda": 601166.6666666666, "Middle Park": 2082529.4117647058, "Mill Park": 658575.5813953489, "Mitcham": 964460.0, "Monbulk": 720000.0, "Mont Albert": 1654161.7647058824, "Montmorency": 901358.8235294118, "Montrose": 735000.0, "Moonee Ponds": 1120843.624161074, "Moorabbin": 984433.59375, "Mooroolbark": 736875.0, "Mordialloc": 1109750.0, "Mount Evelyn": 567500.0, "Mount Waverley": 1384396.49122807, "Mulgrave": 1229137.9310344828, "Murrumbeena": 968441.3170731707, "Narre Warren": 653571.4285714285, "New Gisborne": 1355000.0, "Newport": 1062291.9708029197, "Niddrie": 971628.0487804879, "Noble Park": 679166.6666666666, "North Melbourne": 884638.1358024691, "North Warrandyte": 1226000.0, "Northcote": 1274253.9893617022, "Notting Hill": 1042000.0, "Nunawading": 1025550.0, "Oak Park": 835890.619047619, "Oakleigh": 1109627.6595744682, "Oakleigh East": 1174545.4545454546, "Oakleigh South": 999438.7413793104, "Officer": 559000.0, "Ormond": 1102578.313253012, "Pakenham": 496333.3333333333, "Parkdale": 1271052.0833333333, "Parkville": 1284761.2903225806, "Pascoe Vale": 777438.5964912281, "Plumpton": 625500.0, "Point Cook": 639769.2307692308, "Port Melbourne": 1231934.6405228758, "Prahran": 1102201.6260162601, "Preston": 902800.8368200837, "Princes Hill": 1734600.0, "Reservoir": 690008.913649025, "Richmond": 1083564.423076923, "Riddells Creek": 817000.0, "Ringwood": 966624.95, "Ringwood East": 909500.0, "Ringwood North": 929200.0, "Ripponlea": 769500.0, "Rockbank": 340000.0, "Rosanna": 998844.262295082, "Rowville": 888880.0, "Roxburgh Park": 484846.6666666667, "Sandhurst": 645000.0, "Sandringham": 1678820.0, "Scoresby": 958225.0, "Seabrook": 581666.6666666666, "Seaford": 729535.7142857143, "Seaholme": 1226166.6666666667, "Seddon": 968620.9677419355, "Silvan": 1077500.0, "Skye": 597849.0, "South Kingsville": 729284.0909090909, "South Melbourne": 1317917.6470588236, "South Morang": 640809.5238095238, "South Yarra": 1020183.6633663366, "Southbank": 634012.1951219512, "Spotswood": 935810.3448275862, "Springvale": 836277.7777777778, "Springvale South": 766666.6666666666, "St Albans": 603524.0, "St Helena": 1029666.6666666666, "St Kilda": 856288.8888888889,